--
-- PostgreSQL database dump
--

-- Dumped from database version 15.4 (Debian 15.4-1.pgdg120+1)
-- Dumped by pg_dump version 15.4 (Debian 15.4-1.pgdg120+1)

SET statement_timeout = 0;
SET lock_timeout = 0;
SET idle_in_transaction_session_timeout = 0;
SET client_encoding = 'UTF8';
SET standard_conforming_strings = on;
SELECT pg_catalog.set_config('search_path', '', false);
SET check_function_bodies = false;
SET xmloption = content;
SET client_min_messages = warning;
SET row_security = off;

SET default_tablespace = '';

SET default_table_access_method = heap;

--
-- Name: customers; Type: TABLE; Schema: public; Owner: root
--

CREATE TABLE public.customers (
    id integer NOT NULL,
    firstname character varying(255),
    lastname character varying(255)
);


ALTER TABLE public.customers OWNER TO root;

--
-- Name: products; Type: TABLE; Schema: public; Owner: root
--

CREATE TABLE public.products (
    id integer NOT NULL,
    name character varying(255),
    price numeric(10,2)
);


ALTER TABLE public.products OWNER TO root;

--
-- Name: purchases; Type: TABLE; Schema: public; Owner: root
--

CREATE TABLE public.purchases (
    id integer NOT NULL,
    customerid integer,
    productid integer,
    purchasedate date
);


ALTER TABLE public.purchases OWNER TO root;

--
-- Data for Name: customers; Type: TABLE DATA; Schema: public; Owner: root
--

COPY public.customers (id, firstname, lastname) FROM stdin;
0	Наталья	Боброва
1	Дина	Софронова
2	Матвей	Зайцев
3	Пётр	Озеров
4	Никита	Морозов
\.


--
-- Data for Name: products; Type: TABLE DATA; Schema: public; Owner: root
--

COPY public.products (id, name, price) FROM stdin;
0	хлеб	35.00
1	молоко	90.00
2	сыр	200.00
3	картофель	80.00
4	макароны	60.00
5	морковь	70.00
6	курица	300.00
7	лук	100.00
8	Минеральная вода	50.00
\.


--
-- Data for Name: purchases; Type: TABLE DATA; Schema: public; Owner: root
--

COPY public.purchases (id, customerid, productid, purchasedate) FROM stdin;
0	0	0	2023-10-01
1	0	1	2023-10-01
3	0	2	2023-10-01
4	0	0	2023-10-02
5	0	1	2023-10-02
6	0	2	2023-10-02
7	0	0	2023-10-03
8	0	1	2023-10-03
9	0	2	2023-10-03
10	0	0	2023-10-04
11	0	1	2023-10-04
12	0	2	2023-10-04
13	1	7	2023-10-03
14	2	2	2023-10-05
15	3	6	2023-10-03
16	4	1	2023-10-02
17	4	8	2023-10-04
\.


--
-- Name: customers customer_pkey; Type: CONSTRAINT; Schema: public; Owner: root
--

ALTER TABLE ONLY public.customers
    ADD CONSTRAINT customer_pkey PRIMARY KEY (id);


--
-- Name: products product_pkey; Type: CONSTRAINT; Schema: public; Owner: root
--

ALTER TABLE ONLY public.products
    ADD CONSTRAINT product_pkey PRIMARY KEY (id);


--
-- Name: purchases purchase_pkey; Type: CONSTRAINT; Schema: public; Owner: root
--

ALTER TABLE ONLY public.purchases
    ADD CONSTRAINT purchase_pkey PRIMARY KEY (id);


--
-- Name: purchases purchase_customerid_fkey; Type: FK CONSTRAINT; Schema: public; Owner: root
--

ALTER TABLE ONLY public.purchases
    ADD CONSTRAINT purchase_customerid_fkey FOREIGN KEY (customerid) REFERENCES public.customers(id);


--
-- Name: purchases purchase_productid_fkey; Type: FK CONSTRAINT; Schema: public; Owner: root
--

ALTER TABLE ONLY public.purchases
    ADD CONSTRAINT purchase_productid_fkey FOREIGN KEY (productid) REFERENCES public.products(id);


--
-- PostgreSQL database dump complete
--

